Timestamp,User Count,Type,Name,Requests/s,Failures/s,50%,66%,75%,80%,90%,95%,98%,99%,99.9%,99.99%,100%,Total Request Count,Total Failure Count,Total Median Response Time,Total Average Response Time,Total Min Response Time,Total Max Response Time,Total Average Content Size
1764117418,0,,Aggregated,0.000000,0.000000,N/A,N/A,N/A,N/A,N/A,N/A,N/A,N/A,N/A,N/A,N/A,0,0,0,0.0,0,0,0
1764117419,10,,Aggregated,0.000000,0.000000,66,82,210,230,230,250,260,260,260,260,260,25,0,66,98.96997000556439,11.292624985799193,257.2397079784423,202.16
1764117420,20,,Aggregated,0.000000,0.000000,80,120,210,220,250,260,260,260,260,260,260,59,0,80,109.68935311874533,5.083290976472199,264.94745805393904,367.40677966101697
1764117421,30,,Aggregated,8.000000,0.000000,90,120,210,230,270,310,310,320,360,360,360,109,0,90,122.90778711177579,5.083290976472199,360.1150830509141,382.91743119266056
1764117422,40,,Aggregated,15.500000,0.000000,130,200,230,250,280,310,360,370,400,400,400,163,1,130.0,146.47849749965147,5.083290976472199,403.24233402498066,384.0674846625767
1764117423,50,,Aggregated,22.000000,0.000000,160,250,280,300,380,440,480,530,770,770,770,216,1,160.0,188.46502165952526,5.083290976472199,769.0410839859396,386.40277777777777
1764117424,60,,Aggregated,29.000000,0.000000,210,280,340,390,480,620,720,720,780,780,780,260,2,200.0,234.916055335914,5.083290976472199,779.0735419839621,392.0615384615385
1764117425,70,,Aggregated,34.200000,0.200000,250,350,420,490,730,820,880,910,980,980,980,312,3,250.0,307.2024068201128,5.083290976472199,977.1877500461414,390.87820512820514
1764117426,80,,Aggregated,36.166667,0.166667,290,410,620,720,820,880,950,1000,1100,1100,1100,365,4,290.0,367.5397792582285,5.083290976472199,1102.5473329937086,389.43835616438355
1764117427,90,,Aggregated,37.428571,0.285714,320,470,720,760,870,990,1300,1300,1700,1700,1700,406,4,310.0,419.9771406312514,5.083290976472199,1676.5991660067812,414.61330049261085
1764117428,100,,Aggregated,39.750000,0.375000,380,670,760,820,980,1200,1500,1800,2200,2200,2200,474,8,380.0,487.5615195465522,5.083290976472199,2202.312874956988,403.337552742616
1764117429,100,,Aggregated,40.555556,0.444444,390,720,810,860,1000,1300,1500,1800,2200,2200,2200,500,8,390.0,523.8000122839585,5.083290976472199,2202.312874956988,431.162
1764117430,100,,Aggregated,41.100000,0.400000,430,760,870,980,1300,1500,1700,1900,2200,2200,2200,544,10,430.0,589.9957819708695,5.083290976472199,2202.312874956988,430.91911764705884
1764117431,100,,Aggregated,46.800000,0.800000,590,830,990,1200,1500,1700,1900,2200,2700,2700,2700,598,11,580.0,676.4751084594299,5.083290976472199,2672.324916929938,501.67224080267556
1764117432,100,,Aggregated,47.600000,0.800000,620,840,1000,1200,1500,1800,2300,2600,3300,3300,3300,659,16,620.0,712.409367199778,2.311333082616329,3268.2128329761326,518.3125948406677
1764117433,100,,Aggregated,47.800000,1.000000,670,880,1100,1200,1500,1800,2300,2600,3300,3300,3300,692,18,670.0,727.4290188229131,2.311333082616329,3268.2128329761326,544.2341040462428
1764117434,100,,Aggregated,51.300000,1.500000,690,950,1100,1300,1500,1900,2300,2600,3300,3300,3300,734,19,690.0,760.2222393627205,2.311333082616329,3268.2128329761326,562.6621253405995
1764117435,100,,Aggregated,48.900000,1.500000,720,980,1200,1300,1600,1900,2300,2600,3500,3500,3500,754,20,710.0,785.7743402194499,2.311333082616329,3451.0178749915212,600.7002652519894
1764117436,100,,Aggregated,47.700000,1.700000,740,1000,1200,1400,1700,2000,2500,2800,3500,3500,3500,845,29,740.0,835.3132706428961,2.311333082616329,3451.0178749915212,571.6911242603551
1764117437,100,,Aggregated,47.500000,1.700000,750,990,1200,1300,1700,2000,2500,2800,3500,3500,3500,877,29,750.0,834.5954754245664,2.311333082616329,3451.0178749915212,569.4880273660206
1764117438,100,,Aggregated,45.600000,1.700000,770,1000,1300,1400,1700,2000,2500,2800,3500,3500,3500,923,31,770.0,854.9858403630768,2.311333082616329,3451.0178749915212,581.1148429035753
1764117439,100,,Aggregated,48.400000,2.500000,800,1100,1300,1400,1700,2100,2500,2900,3500,3500,3500,968,33,800.0,884.4664344774061,2.311333082616329,3451.0178749915212,583.3378099173553
1764117440,100,,Aggregated,46.600000,2.500000,830,1100,1300,1400,1700,2100,2600,3000,3500,3500,3500,1001,36,830.0,910.5477416236605,2.311333082616329,3466.707499930635,579.7892107892108
1764117441,100,,Aggregated,45.000000,2.300000,840,1100,1300,1500,1800,2100,2600,3000,3500,3500,3500,1022,37,840.0,923.5967246734914,2.311333082616329,3466.707499930635,598.5176125244618
1764117442,100,,Aggregated,46.200000,2.500000,880,1200,1400,1500,1900,2200,2800,3200,3500,4900,4900,1078,42,880.0,968.4632230501022,2.311333082616329,4911.81079193484,603.3126159554731
1764117443,100,,Aggregated,46.100000,2.600000,920,1200,1400,1500,1900,2300,2800,3200,3800,4900,4900,1123,45,920.0,994.741585993752,2.311333082616329,4911.81079193484,596.4603739982191
1764117444,100,,Aggregated,39.700000,2.200000,940,1300,1500,1600,1900,2300,2800,3200,4600,4900,4900,1153,46,940.0,1013.8943243625591,2.311333082616329,4911.81079193484,594.1431049436253
1764117445,100,,Aggregated,41.800000,2.600000,970,1300,1500,1600,1900,2300,2800,3200,4600,4900,4900,1191,46,970.0,1026.7012796216543,2.311333082616329,4911.81079193484,612.1108312342569
1764117446,100,,Aggregated,42.900000,2.700000,990,1300,1500,1600,1900,2300,2800,3200,4600,4900,4900,1228,47,990.0,1048.0502895191419,2.311333082616329,4911.81079193484,622.0211726384365
1764117447,100,,Aggregated,41.900000,2.700000,990,1300,1500,1600,1900,2400,2900,3200,4600,4900,4900,1267,48,990.0,1056.7338932124565,2.311333082616329,4911.81079193484,638.0007892659827
1764117448,100,,Aggregated,41.900000,2.600000,990,1300,1500,1600,2000,2400,3000,3300,4600,4900,4900,1339,56,990.0,1065.7578112348522,2.311333082616329,4911.81079193484,648.8446601941747
1764117449,100,,Aggregated,38.200000,1.800000,990,1300,1500,1600,2000,2400,3000,3500,4800,4900,4900,1377,63,990.0,1067.0653056111032,2.311333082616329,4911.81079193484,656.7523602033406
1764117451,100,,Aggregated,39.200000,2.000000,1000,1300,1500,1600,2000,2400,3000,3500,4800,4900,4900,1434,64,1000.0,1072.24417221083,2.311333082616329,4911.81079193484,652.115760111576
1764117452,100,,Aggregated,40.800000,3.000000,1000,1300,1500,1600,2000,2400,3000,3600,4800,4900,4900,1474,68,1000.0,1077.1869984411178,2.311333082616329,4911.81079193484,640.2360922659431
1764117453,100,,Aggregated,42.900000,2.800000,1000,1300,1500,1600,1900,2400,3000,3500,4800,4900,4900,1515,69,1000.0,1083.947933795662,2.311333082616329,4911.81079193484,646.8481848184819
1764117454,100,,Aggregated,44.700000,3.100000,1000,1300,1500,1600,1900,2400,3000,3500,4800,4900,4900,1551,72,1000.0,1090.4985694942766,2.311333082616329,4911.81079193484,659.8871695680207
1764117455,100,,Aggregated,44.700000,3.100000,1100,1300,1500,1600,1900,2400,3000,3500,4800,4900,4900,1594,75,1100.0,1106.3309861679381,2.311333082616329,4911.81079193484,653.4880803011292
1764117456,100,,Aggregated,43.500000,2.700000,1100,1300,1500,1600,1900,2400,3000,3500,4800,4900,4900,1622,78,1100.0,1113.581657132769,2.311333082616329,4911.81079193484,656.634401972873
1764117457,100,,Aggregated,43.800000,2.900000,1100,1400,1500,1600,2000,2400,3100,3600,4800,4900,4900,1690,82,1100.0,1129.656853152924,2.311333082616329,4911.81079193484,644.321301775148
1764117458,100,,Aggregated,43.800000,2.900000,1100,1300,1500,1600,2000,2400,3200,3600,4900,5000,5000,1726,88,1100.0,1129.0937703932977,2.311333082616329,4953.289541997947,640.6378910776361
1764117459,100,,Aggregated,45.700000,3.400000,1100,1300,1500,1600,1900,2400,3100,3600,4900,5000,5000,1785,88,1100.0,1128.3276792189122,2.311333082616329,4953.289541997947,637.3316526610645
1764117460,100,,Aggregated,45.700000,3.400000,1100,1300,1500,1600,1900,2400,3100,3600,4900,5000,5000,1818,89,1100.0,1128.4758263821222,2.311333082616329,4953.289541997947,639.2464246424643
1764117461,100,,Aggregated,44.400000,3.200000,1100,1300,1500,1600,1900,2400,3100,3600,4900,5000,5000,1861,93,1100.0,1138.3952588812672,2.311333082616329,4953.289541997947,634.4981192907039
1764117462,100,,Aggregated,44.100000,2.600000,1100,1300,1500,1600,1900,2400,3100,3600,4900,5000,5000,1898,93,1100.0,1142.6798826776267,2.311333082616329,4953.289541997947,645.3930453108535
1764117463,100,,Aggregated,42.500000,2.800000,1100,1300,1500,1600,2000,2400,3100,3600,4900,5000,5000,1957,96,1100.0,1144.9734025449702,2.311333082616329,4953.289541997947,655.9984670413899
1764117464,100,,Aggregated,42.300000,2.500000,1100,1300,1500,1600,2000,2500,3100,3600,4900,5000,5000,1989,100,1100.0,1146.2118158135315,2.311333082616329,4953.289541997947,666.6430367018602
1764117465,100,,Aggregated,44.100000,2.700000,1100,1300,1500,1600,2000,2400,3100,3600,4800,5000,5000,2055,107,1100.0,1145.69381085885,2.311333082616329,4953.289541997947,674.2564476885644
1764117466,100,,Aggregated,43.300000,2.700000,1100,1300,1500,1600,2000,2400,3100,3600,4800,5000,5000,2118,110,1100.0,1141.127633883084,2.311333082616329,4953.289541997947,665.2507082152974
1764117467,100,,Aggregated,43.300000,2.700000,1100,1300,1500,1600,1900,2400,3100,3600,4900,6300,6300,2166,112,1100.0,1139.4834948370633,2.311333082616329,6253.9622919866815,659.6583564173592
1764117468,100,,Aggregated,49.200000,3.200000,1100,1300,1500,1600,1900,2400,3100,3600,4900,6300,6300,2210,112,1100.0,1139.0359575151176,2.311333082616329,6253.9622919866815,663.0570135746607
1764117469,100,,Aggregated,47.800000,3.100000,1100,1300,1500,1600,1900,2400,3100,3600,4900,6300,6300,2253,116,1100.0,1145.1227443516577,2.311333082616329,6253.9622919866815,662.7780736795384
1764117470,100,,Aggregated,48.200000,2.400000,1100,1300,1500,1600,1900,2400,3100,3600,4900,6300,6300,2300,116,1100.0,1150.248151260995,2.311333082616329,6253.9622919866815,661.7252173913043
1764117471,100,,Aggregated,46.700000,2.800000,1100,1300,1500,1600,1900,2400,3100,3600,4900,6300,6300,2332,119,1100.0,1153.233658208016,2.311333082616329,6253.9622919866815,659.6209262435677
1764117472,100,,Aggregated,46.700000,2.800000,1100,1400,1500,1600,1900,2400,3000,3600,4900,6300,6300,2375,120,1100.0,1161.1777001325727,2.311333082616329,6253.9622919866815,655.6614736842105
1764117473,100,,Aggregated,47.000000,2.600000,1100,1400,1500,1600,1900,2400,3000,3500,4900,6300,6300,2407,121,1100.0,1166.992507194369,2.311333082616329,6253.9622919866815,661.2189447444953
1764117474,100,,Aggregated,47.900000,2.700000,1100,1400,1500,1600,1900,2400,3000,3500,4900,6300,6300,2441,123,1100.0,1173.3909590774613,2.311333082616329,6253.9622919866815,662.5354362965998
1764117475,100,,Aggregated,44.600000,2.500000,1100,1400,1500,1600,2000,2400,3100,3600,4900,6300,6300,2529,131,1100.0,1180.5659262492911,2.311333082616329,6253.9622919866815,661.8438117833135
1764117476,100,,Aggregated,45.700000,2.400000,1100,1400,1500,1600,1900,2400,3100,3600,4900,6300,6300,2568,133,1100.0,1175.2209537042409,2.311333082616329,6253.9622919866815,662.3933021806854
1764117477,100,,Aggregated,47.300000,2.400000,1100,1400,1500,1600,1900,2400,3100,3600,4900,6300,6300,2595,133,1100.0,1175.706710383567,2.311333082616329,6253.9622919866815,664.6057803468208
1764117478,100,,Aggregated,47.300000,2.400000,1100,1400,1500,1600,1900,2400,3100,3600,4900,6300,6300,2626,134,1100.0,1179.2164791610978,2.311333082616329,6253.9622919866815,672.9706778370145
1764117479,100,,Aggregated,42.800000,2.100000,1100,1400,1500,1600,2000,2400,3100,3600,4900,6300,6300,2652,134,1100.0,1186.8231417580075,2.311333082616329,6253.9622919866815,681.9702111613876
1764117480,100,,Aggregated,41.800000,2.200000,1100,1400,1500,1600,2000,2500,3200,3600,4900,6300,6300,2696,136,1100.0,1201.1920484582163,2.311333082616329,6253.9622919866815,687.8698071216617
1764117481,100,,Aggregated,39.800000,1.800000,1200,1400,1600,1700,2000,2600,3200,3800,5000,6300,6300,2758,143,1200.0,1214.903885309373,2.311333082616329,6253.9622919866815,683.8245105148659
1764117482,100,,Aggregated,39.700000,2.000000,1200,1400,1500,1600,2000,2500,3200,3800,5000,6300,6300,2798,147,1200.0,1214.5844255033994,2.311333082616329,6253.9622919866815,683.7144388849179
1764117483,100,,Aggregated,42.300000,2.400000,1200,1400,1600,1700,2000,2500,3200,3700,5000,6300,6300,2828,147,1200.0,1217.523524610792,2.311333082616329,6253.9622919866815,691.6580622347949
1764117484,100,,Aggregated,41.800000,2.500000,1200,1400,1600,1700,2000,2500,3200,3700,5000,6300,6300,2875,147,1200.0,1223.6458268591161,2.311333082616329,6253.9622919866815,690.5026086956522
1764117485,100,,Aggregated,42.600000,2.600000,1200,1400,1600,1700,2000,2500,3200,3700,5000,6300,6300,2906,148,1200.0,1227.3668309006503,2.311333082616329,6253.9622919866815,685.6813489332416
1764117486,100,,Aggregated,43.200000,2.400000,1200,1400,1600,1700,2000,2500,3200,3700,5000,6300,6300,2952,153,1200.0,1234.9784960245054,2.311333082616329,6253.9622919866815,687.5684281842819
1764117487,100,,Aggregated,37.800000,1.600000,1200,1400,1600,1700,2000,2500,3200,3700,4900,6300,6300,3003,155,1200.0,1238.0209260923639,2.311333082616329,6253.9622919866815,685.6117216117216
1764117488,100,,Aggregated,38.100000,1.800000,1200,1400,1600,1700,2000,2500,3200,3700,4900,6300,6300,3030,155,1200.0,1240.0377279333463,2.311333082616329,6253.9622919866815,690.3264026402641
1764117489,100,,Aggregated,40.300000,2.200000,1200,1400,1600,1700,2000,2500,3200,3700,4900,6300,6300,3089,158,1200.0,1240.3978057804222,2.311333082616329,6253.9622919866815,687.0035610229847
1764117490,100,,Aggregated,40.300000,2.200000,1200,1400,1600,1700,2000,2500,3200,3700,4900,6300,6300,3128,158,1200.0,1240.311621649154,2.311333082616329,6253.9622919866815,686.951726342711
1764117491,100,,Aggregated,43.500000,2.300000,1200,1400,1600,1700,2000,2500,3200,3700,4900,6300,6300,3161,158,1200.0,1240.7118846937158,2.311333082616329,6253.9622919866815,693.5393862701677
1764117492,100,,Aggregated,43.300000,2.200000,1200,1400,1600,1700,2000,2500,3200,3700,4900,6300,6300,3210,161,1200.0,1245.4507134133453,2.311333082616329,6253.9622919866815,697.6102803738318
1764117493,100,,Aggregated,40.700000,1.600000,1200,1400,1600,1700,2000,2500,3200,3700,4900,6300,6300,3278,167,1200.0,1246.1728427695227,2.311333082616329,6253.9622919866815,690.5250152532032
1764117494,100,,Aggregated,41.400000,1.600000,1200,1400,1600,1700,2000,2500,3200,3700,4900,6300,6300,3312,170,1200.0,1244.939816770039,2.311333082616329,6253.9622919866815,685.7974033816425
1764117495,100,,Aggregated,44.500000,1.900000,1200,1400,1600,1700,2000,2500,3200,3700,4900,6300,6300,3342,170,1200.0,1247.4617824076274,2.311333082616329,6253.9622919866815,681.8093955715141
1764117496,100,,Aggregated,43.300000,2.300000,1200,1400,1600,1700,2000,2500,3200,3700,4900,6300,6300,3392,173,1200.0,1253.8454856083881,2.311333082616329,6253.9622919866815,674.9640330188679
1764117497,100,,Aggregated,43.300000,2.300000,1200,1500,1600,1700,2000,2500,3200,3700,4900,6300,6300,3412,173,1200.0,1256.5233120160105,2.311333082616329,6253.9622919866815,677.5548065650645
1764117498,100,,Aggregated,43.100000,2.300000,1200,1500,1600,1700,2000,2500,3200,3700,4900,6300,6300,3428,173,1200.0,1261.9875157568802,2.311333082616329,6253.9622919866815,678.1966161026838
1764117499,100,,Aggregated,41.500000,1.800000,1200,1500,1600,1700,2100,2500,3200,3700,4900,6300,6300,3448,174,1200.0,1269.053354533065,2.311333082616329,6253.9622919866815,683.3274361948955
1764117500,100,,Aggregated,40.700000,1.800000,1200,1500,1600,1700,2100,2700,3300,3900,5000,6300,6300,3529,178,1200.0,1287.4392860860808,2.311333082616329,6253.9622919866815,680.3584584868235
1764117501,100,,Aggregated,36.400000,1.700000,1200,1500,1600,1700,2100,2700,3400,3900,5200,6300,6300,3573,187,1200.0,1285.657431679064,2.311333082616329,6253.9622919866815,674.6056535124545
1764117502,100,,Aggregated,38.900000,2.000000,1200,1500,1600,1700,2100,2700,3400,3900,5400,6300,6300,3609,189,1200.0,1285.0034136692077,2.311333082616329,6253.9622919866815,672.6708229426434
1764117503,100,,Aggregated,41.100000,2.800000,1200,1500,1600,1700,2100,2700,3300,3900,5400,6300,6300,3662,191,1200.0,1286.6543304714426,2.311333082616329,6253.9622919866815,673.6553795740033
1764117504,100,,Aggregated,40.100000,2.800000,1200,1500,1600,1700,2100,2700,3300,3900,5400,6300,6300,3695,192,1200.0,1286.309885459918,2.311333082616329,6253.9622919866815,684.1772665764547
1764117505,100,,Aggregated,38.900000,2.500000,1200,1500,1600,1700,2100,2700,3300,3900,5400,6300,6300,3731,192,1200.0,1292.764410207776,2.311333082616329,6253.9622919866815,684.5523988206915
1764117506,100,,Aggregated,38.700000,2.200000,1200,1500,1600,1700,2100,2700,3300,3900,5400,6300,6300,3768,195,1200.0,1295.8463067791326,2.311333082616329,6253.9622919866815,682.4551486199575
1764117507,100,,Aggregated,38.100000,2.200000,1200,1500,1600,1700,2100,2700,3300,3900,5400,6300,6300,3797,195,1200.0,1298.137321674481,2.311333082616329,6253.9622919866815,686.1103502765341
1764117508,100,,Aggregated,37.300000,2.100000,1200,1500,1600,1700,2100,2700,3400,3900,5400,6300,6300,3835,197,1200.0,1303.926448180702,2.311333082616329,6253.9622919866815,686.2985658409387
1764117509,100,,Aggregated,37.800000,2.200000,1200,1500,1600,1700,2100,2700,3400,4000,5900,6300,6300,3882,199,1200.0,1306.425634848296,2.311333082616329,6338.753917021677,682.8477588871716
1764117510,100,,Aggregated,40.100000,2.400000,1200,1500,1600,1700,2100,2700,3400,4000,6100,7700,7700,3955,206,1200.0,1305.9529572963424,2.311333082616329,7689.328874927014,685.7069532237674
1764117511,100,,Aggregated,42.300000,2.500000,1200,1500,1600,1700,2100,2700,3400,4000,6100,7700,7700,4000,209,1200.0,1299.3431146725488,2.311333082616329,7689.328874927014,687.172
1764117512,100,,Aggregated,43.700000,2.800000,1200,1500,1600,1700,2100,2700,3400,4000,5900,7700,7700,4040,210,1200.0,1298.9482528629187,2.311333082616329,7689.328874927014,684.6938118811881
1764117513,100,,Aggregated,42.400000,2.300000,1200,1500,1600,1700,2100,2700,3400,4000,5900,7700,7700,4075,214,1200.0,1302.6138940759495,2.311333082616329,7689.328874927014,685.1062576687117
1764117514,100,,Aggregated,41.600000,2.100000,1200,1500,1600,1700,2100,2700,3400,4000,5900,7700,7700,4122,218,1200.0,1307.408603658401,2.311333082616329,7689.328874927014,684.2404172731684
1764117515,100,,Aggregated,40.200000,2.200000,1200,1500,1700,1700,2100,2700,3400,4000,5900,7700,7700,4159,220,1200.0,1310.2667987580712,2.311333082616329,7689.328874927014,682.2832411637413
1764117516,100,,Aggregated,42.500000,2.600000,1200,1500,1700,1700,2100,2700,3400,4000,5900,7700,7700,4201,220,1200.0,1312.8703651399749,2.311333082616329,7689.328874927014,686.4596524636992
1764117517,100,,Aggregated,42.900000,2.700000,1300,1500,1700,1700,2100,2700,3400,4000,5900,7700,7700,4245,223,1300.0,1313.6744629946022,2.311333082616329,7689.328874927014,681.5893992932862
1764117518,100,,Aggregated,43.300000,2.600000,1300,1500,1700,1700,2100,2700,3400,4000,5900,7700,7700,4280,224,1300.0,1313.3091967374469,2.311333082616329,7689.328874927014,686.1913551401869
1764117519,100,,Aggregated,44.200000,2.600000,1300,1500,1700,1700,2100,2700,3400,4000,5900,7700,7700,4320,225,1300.0,1314.1163248729654,2.311333082616329,7689.328874927014,691.9944444444444
1764117520,100,,Aggregated,44.800000,2.700000,1300,1500,1700,1700,2100,2700,3400,4000,5900,7700,7700,4385,230,1300.0,1316.5444911520253,2.311333082616329,7689.328874927014,685.1648802736602
1764117521,100,,Aggregated,42.900000,2.500000,1300,1500,1700,1700,2100,2700,3300,4000,5900,7700,7700,4442,235,1300.0,1310.4618459480323,2.311333082616329,7689.328874927014,683.0632597928861
1764117522,100,,Aggregated,42.200000,2.300000,1200,1500,1600,1700,2100,2700,3300,4000,5900,7700,7700,4474,236,1200.0,1308.3580538832039,2.311333082616329,7689.328874927014,685.6104157353599
1764117523,100,,Aggregated,43.300000,2.400000,1200,1500,1700,1700,2100,2600,3300,3900,5900,7700,7700,4516,239,1200.0,1308.3329891743033,2.311333082616329,7689.328874927014,689.1111603188663
1764117524,100,,Aggregated,43.700000,2.600000,1200,1500,1700,1700,2100,2700,3300,3900,5900,7700,7700,4589,244,1200.0,1306.8787907290055,2.311333082616329,7689.328874927014,689.6864240575288
1764117525,100,,Aggregated,42.800000,2.500000,1200,1500,1600,1700,2100,2700,3300,3900,5900,7700,7700,4612,245,1200.0,1305.9553074744517,2.311333082616329,7689.328874927014,687.4585862966176
1764117526,100,,Aggregated,45.900000,2.300000,1200,1500,1600,1700,2100,2700,3300,3900,5900,7700,7700,4644,246,1200.0,1306.735548787915,2.311333082616329,7689.328874927014,690.0092592592592
1764117527,100,,Aggregated,46.000000,2.600000,1200,1500,1700,1700,2100,2700,3300,3900,5900,7700,7700,4678,246,1200.0,1309.17022784644,2.311333082616329,7689.328874927014,690.1310389055152
1764117528,100,,Aggregated,44.200000,2.600000,1300,1500,1700,1800,2100,2700,3400,3900,5900,7700,7700,4716,248,1300.0,1314.1235956824717,2.311333082616329,7689.328874927014,690.1885072094996
1764117529,100,,Aggregated,44.000000,2.500000,1300,1500,1700,1800,2100,2700,3400,3900,5900,7700,7700,4803,261,1300.0,1311.7296650687306,2.311333082616329,7689.328874927014,687.4792837809703
1764117530,100,,Aggregated,43.500000,2.400000,1200,1500,1700,1700,2100,2700,3400,3900,5900,7700,7700,4850,264,1200.0,1308.298812515016,2.311333082616329,7689.328874927014,684.9474226804124
1764117531,100,,Aggregated,49.400000,3.600000,1200,1500,1700,1700,2100,2700,3400,3900,5900,7700,7700,4893,267,1200.0,1307.6435584060216,2.311333082616329,7689.328874927014,684.6484774167178
1764117532,100,,Aggregated,45.600000,3.200000,1200,1500,1700,1700,2100,2700,3300,3900,5900,7700,7700,4935,268,1200.0,1307.9964233762862,2.311333082616329,7689.328874927014,680.6798378926038
1764117533,100,,Aggregated,44.900000,3.300000,1200,1500,1600,1700,2100,2700,3300,3900,5900,7700,7700,4980,272,1200.0,1308.9811193158553,2.311333082616329,7689.328874927014,683.7453815261044
1764117534,100,,Aggregated,45.700000,3.200000,1200,1500,1600,1700,2100,2700,3300,3900,5500,7700,7700,5038,277,1200.0,1307.8111284455886,2.311333082616329,7689.328874927014,680.0734418420008
1764117535,100,,Aggregated,47.900000,3.300000,1200,1500,1600,1700,2100,2700,3300,3900,5500,7700,7700,5068,278,1200.0,1306.761883834951,2.311333082616329,7689.328874927014,680.8516179952644
1764117536,100,,Aggregated,44.500000,3.300000,1300,1500,1600,1700,2100,2700,3300,3900,5500,7700,7700,5130,283,1300.0,1307.7648704883336,2.311333082616329,7689.328874927014,680.5927875243665
1764117537,100,,Aggregated,45.100000,3.300000,1200,1500,1600,1700,2100,2600,3300,3900,5500,7700,7700,5169,284,1200.0,1307.21404141249,2.311333082616329,7689.328874927014,677.2203520990521
1764117538,100,,Aggregated,47.900000,3.500000,1300,1500,1600,1700,2100,2600,3300,3900,5500,7700,7700,5182,284,1300.0,1307.4889544932762,2.311333082616329,7689.328874927014,677.8653029718256
1764117539,100,,Aggregated,48.500000,3.700000,1300,1500,1600,1700,2100,2700,3300,3900,5500,7700,7700,5214,285,1300.0,1310.8824546767098,2.311333082616329,7689.328874927014,680.1054852320675
1764117540,100,,Aggregated,46.900000,3.600000,1300,1500,1700,1700,2100,2700,3300,3900,5500,7700,7700,5306,295,1300.0,1314.7895905760586,2.311333082616329,7689.328874927014,678.8539389370524
1764117541,100,,Aggregated,41.000000,2.400000,1300,1500,1600,1700,2100,2700,3300,3900,5500,7700,7700,5330,296,1300.0,1312.719503644894,2.311333082616329,7689.328874927014,683.6288930581613
1764117542,100,,Aggregated,46.600000,3.400000,1300,1500,1600,1700,2100,2700,3300,3900,5500,7700,7700,5377,300,1300.0,1311.5780600967348,2.311333082616329,7689.328874927014,686.1445043704668
1764117543,100,,Aggregated,44.400000,3.000000,1300,1500,1600,1700,2100,2700,3300,3900,5500,7700,7700,5461,310,1300.0,1308.6416306407896,2.311333082616329,7689.328874927014,688.8718183482879
1764117544,100,,Aggregated,45.200000,3.200000,1200,1500,1600,1700,2100,2700,3300,3900,5500,7700,7700,5498,312,1200.0,1305.6271393480515,2.311333082616329,7689.328874927014,690.749181520553
1764117545,100,,Aggregated,46.600000,3.400000,1200,1500,1600,1700,2100,2700,3300,3900,5500,7700,7700,5545,313,1200.0,1303.046294569262,2.311333082616329,7689.328874927014,693.3570784490532
1764117546,100,,Aggregated,45.700000,3.700000,1200,1500,1600,1700,2100,2700,3300,3900,5500,7700,7700,5591,315,1200.0,1302.5501047391738,2.311333082616329,7689.328874927014,694.1865498121982
1764117547,100,,Aggregated,47.400000,3.400000,1200,1500,1600,1700,2100,2700,3300,3900,5500,7700,7700,5642,318,1200.0,1302.4326400901991,2.311333082616329,7689.328874927014,693.0600850762141
1764117548,100,,Aggregated,46.400000,3.300000,1200,1500,1600,1700,2100,2700,3300,3900,5500,7700,7700,5705,324,1200.0,1299.4141026325754,2.311333082616329,7689.328874927014,689.4622261174409
1764117549,100,,Aggregated,45.600000,3.300000,1200,1500,1600,1700,2100,2700,3300,3900,5500,7700,7700,5747,325,1200.0,1296.9667003761674,2.311333082616329,7689.328874927014,690.8038976857491
1764117550,100,,Aggregated,51.000000,3.800000,1200,1500,1600,1700,2100,2700,3300,3900,5500,7700,7700,5778,326,1200.0,1296.5600963823133,2.311333082616329,7689.328874927014,689.8245067497404
1764117551,100,,Aggregated,53.000000,4.100000,1200,1500,1600,1700,2100,2700,3300,3900,5500,7700,7700,5815,326,1200.0,1297.1984872493576,2.311333082616329,7689.328874927014,691.4856405846948
1764117552,100,,Aggregated,47.500000,3.100000,1200,1500,1600,1700,2100,2700,3300,3900,5500,7700,7700,5861,329,1200.0,1300.4116395918925,2.311333082616329,7689.328874927014,690.8691349599045
1764117553,100,,Aggregated,48.900000,3.000000,1200,1500,1600,1700,2100,2700,3300,3900,5500,7700,7700,5933,337,1200.0,1297.644753107091,2.311333082616329,7689.328874927014,692.7190291589416
1764117554,100,,Aggregated,47.100000,2.800000,1200,1500,1600,1700,2100,2700,3300,3900,5500,7700,7700,5961,339,1200.0,1297.2162375049484,2.311333082616329,7689.328874927014,693.6161717832579
1764117555,100,,Aggregated,47.200000,2.700000,1200,1500,1600,1700,2100,2700,3300,3900,5400,7700,7700,6018,344,1200.0,1296.029838750379,2.311333082616329,7689.328874927014,696.5174476570289
1764117556,100,,Aggregated,46.500000,2.800000,1200,1500,1600,1700,2100,2700,3400,3900,5600,7700,7700,6065,346,1200.0,1295.084996533316,2.311333082616329,7689.328874927014,694.3243198680956
1764117557,100,,Aggregated,47.400000,3.100000,1200,1500,1600,1700,2100,2700,3400,4000,6100,7700,7700,6121,350,1200.0,1295.4393525861142,2.311333082616329,7689.328874927014,694.4966508740401
1764117558,100,,Aggregated,48.400000,3.200000,1200,1500,1600,1700,2100,2700,3400,4000,6100,7700,7700,6166,353,1200.0,1293.3161084668875,2.311333082616329,7689.328874927014,692.5188128446318
1764117559,100,,Aggregated,48.400000,3.200000,1200,1500,1600,1700,2100,2700,3400,3900,6100,7700,7700,6227,356,1200.0,1291.95697241361,2.311333082616329,7689.328874927014,690.7724425887266
1764117560,100,,Aggregated,47.000000,3.000000,1200,1500,1600,1700,2100,2700,3400,3900,6100,7700,7700,6270,358,1200.0,1291.3862143154702,2.311333082616329,7689.328874927014,687.5818181818182
1764117561,100,,Aggregated,48.300000,2.900000,1200,1500,1600,1700,2100,2700,3300,3900,6100,7700,7700,6303,359,1200.0,1291.996139729529,2.311333082616329,7689.328874927014,689.3926701570681
1764117562,100,,Aggregated,48.000000,3.100000,1200,1500,1600,1700,2100,2700,3300,3900,6100,7700,7700,6348,360,1200.0,1293.273868397721,2.311333082616329,7689.328874927014,688.8531821045999
1764117563,100,,Aggregated,48.000000,3.200000,1200,1500,1600,1700,2100,2700,3300,3900,6100,7700,7700,6373,360,1200.0,1293.9737628281612,2.311333082616329,7689.328874927014,691.154244468853
1764117564,100,,Aggregated,50.200000,3.200000,1200,1500,1600,1700,2100,2700,3300,3900,6100,7700,7700,6431,364,1200.0,1296.7277108997016,2.311333082616329,7689.328874927014,691.0988959726326
1764117565,100,,Aggregated,45.500000,2.800000,1200,1500,1600,1700,2100,2700,3300,3900,6100,7700,7700,6481,369,1200.0,1296.447241701215,2.311333082616329,7689.328874927014,693.0527696343157
1764117566,100,,Aggregated,47.800000,2.300000,1200,1500,1600,1700,2100,2700,3300,3900,6100,7700,7700,6518,371,1200.0,1296.7216007794366,2.311333082616329,7689.328874927014,694.4984657870513
1764117567,100,,Aggregated,45.500000,2.400000,1200,1500,1600,1700,2100,2700,3300,3900,6100,7700,7700,6570,377,1200.0,1296.6280544147276,2.311333082616329,7689.328874927014,692.0208523592086
1764117568,100,,Aggregated,44.100000,2.500000,1200,1500,1600,1700,2100,2600,3300,3900,6100,7700,7700,6613,382,1200.0,1297.3897826954537,2.311333082616329,7689.328874927014,691.7356721608952
1764117569,100,,Aggregated,45.100000,2.400000,1200,1500,1600,1700,2100,2700,3300,3900,6100,7700,7700,6638,384,1200.0,1298.3069430690718,2.311333082616329,7689.328874927014,692.7095510695992
1764117570,100,,Aggregated,42.600000,2.600000,1200,1500,1600,1700,2100,2700,3300,3900,6100,7700,7700,6698,388,1200.0,1298.9369054029369,2.311333082616329,7689.328874927014,692.4101224246043
1764117571,100,,Aggregated,40.900000,2.900000,1200,1500,1600,1700,2100,2700,3300,3900,6100,7700,7700,6776,395,1200.0,1297.4132011165048,2.311333082616329,7689.328874927014,692.3584710743802
1764117572,100,,Aggregated,40.600000,2.800000,1200,1500,1600,1700,2100,2700,3300,3900,6100,7700,7700,6800,396,1200.0,1296.3359871103671,2.311333082616329,7689.328874927014,692.0495588235294
1764117573,100,,Aggregated,41.800000,3.000000,1200,1500,1600,1700,2100,2700,3300,3900,6100,7700,7700,6844,397,1200.0,1293.8137371756911,2.311333082616329,7689.328874927014,692.8370835768557
1764117574,100,,Aggregated,44.500000,3.600000,1200,1500,1600,1700,2100,2700,3300,3900,6100,7700,7700,6896,400,1200.0,1295.424410621388,2.311333082616329,7689.328874927014,693.179234338747
1764117575,100,,Aggregated,46.500000,3.600000,1200,1500,1600,1700,2100,2700,3300,3900,6100,7700,7700,6932,404,1200.0,1293.8548728997089,2.311333082616329,7689.328874927014,697.2600980957876
1764117576,100,,Aggregated,46.500000,3.600000,1200,1500,1600,1700,2100,2700,3300,3900,6100,7700,7700,6974,407,1200.0,1292.298800153933,2.311333082616329,7689.328874927014,695.6653283624893
1764117577,100,,Aggregated,46.900000,3.600000,1200,1500,1600,1700,2100,2700,3300,3900,6100,7700,7700,7022,409,1200.0,1293.1452185067446,2.311333082616329,7689.328874927014,696.2691540871547
1764117578,100,,Aggregated,46.900000,3.600000,1200,1500,1600,1700,2100,2700,3300,3900,6100,7700,7700,7094,415,1200.0,1290.1661600259663,2.311333082616329,7689.328874927014,694.0524386805752
1764117579,100,,Aggregated,45.500000,3.500000,1200,1400,1600,1700,2100,2700,3300,3900,6100,7700,7700,7151,420,1200.0,1287.6659729258797,2.311333082616329,7689.328874927014,691.5719479793036
1764117580,100,,Aggregated,50.000000,3.700000,1200,1400,1600,1700,2100,2600,3300,3900,6100,7700,7700,7195,423,1200.0,1287.0938175031329,2.311333082616329,7689.328874927014,688.7770674079221
1764117581,100,,Aggregated,49.900000,3.500000,1200,1400,1600,1700,2100,2600,3300,3900,6100,7700,7700,7227,424,1200.0,1287.1420885597706,2.311333082616329,7689.328874927014,689.2324616023246
1764117582,100,,Aggregated,51.900000,3.700000,1200,1400,1600,1700,2100,2600,3300,3900,6100,7700,7700,7267,425,1200.0,1288.8528653929588,2.311333082616329,7689.328874927014,692.8907389569285
1764117583,100,,Aggregated,50.200000,3.600000,1200,1500,1600,1700,2100,2600,3300,3900,6100,7700,7700,7314,429,1200.0,1290.5365084909454,2.311333082616329,7689.328874927014,692.2295597484276
1764117584,100,,Aggregated,45.500000,2.800000,1200,1400,1600,1700,2100,2700,3300,3900,6100,7700,7700,7357,432,1200.0,1290.903878564987,2.311333082616329,7689.328874927014,691.9646595079516
1764117585,100,,Aggregated,45.900000,3.100000,1200,1400,1600,1700,2100,2700,3300,3900,6100,7700,7700,7403,434,1200.0,1291.1590340712942,2.311333082616329,7689.328874927014,691.3694448196677
1764117586,100,,Aggregated,49.000000,3.300000,1200,1400,1600,1700,2100,2700,3300,4000,6100,7700,7700,7438,435,1200.0,1290.1581917996377,2.311333082616329,7689.328874927014,691.5381823070718
1764117587,100,,Aggregated,45.800000,3.000000,1200,1400,1600,1700,2100,2700,3300,4000,6100,7700,7700,7473,436,1200.0,1290.4540120464176,2.311333082616329,7689.328874927014,692.8968285828985
1764117588,100,,Aggregated,46.100000,2.700000,1200,1400,1600,1700,2100,2700,3400,4000,6100,7700,7700,7525,439,1200.0,1294.2817551411028,2.311333082616329,7689.328874927014,690.8289700996678
1764117589,100,,Aggregated,46.100000,2.800000,1200,1400,1600,1700,2100,2700,3400,4000,6100,7700,7700,7557,439,1200.0,1293.947030873873,2.311333082616329,7689.328874927014,694.6574037316395
1764117590,100,,Aggregated,41.800000,2.300000,1200,1500,1600,1700,2100,2700,3400,4000,6100,7700,7700,7617,441,1200.0,1295.4770452091327,2.311333082616329,7689.328874927014,699.2680845477222
1764117591,100,,Aggregated,41.800000,2.100000,1200,1400,1600,1700,2100,2700,3400,4000,6100,7700,7700,7671,444,1200.0,1292.8622486507597,2.311333082616329,7689.328874927014,701.8328770694825
1764117592,100,,Aggregated,39.700000,1.700000,1200,1400,1600,1700,2100,2700,3400,4000,6100,7700,7700,7710,447,1200.0,1291.7842668375895,2.311333082616329,7689.328874927014,699.3590142671854
1764117593,100,,Aggregated,43.800000,2.000000,1200,1400,1600,1700,2100,2700,3400,4000,6100,7700,7700,7739,448,1200.0,1291.509907366587,2.311333082616329,7689.328874927014,699.8331825817289
1764117594,100,,Aggregated,46.100000,2.300000,1200,1400,1600,1700,2100,2700,3400,4000,6100,7700,7700,7773,449,1200.0,1292.603097514314,2.311333082616329,7689.328874927014,704.6251125691496
1764117595,100,,Aggregated,44.400000,2.000000,1200,1500,1600,1700,2100,2700,3400,4000,6100,8000,8000,7828,453,1200.0,1296.3277445733213,2.311333082616329,8024.562916951254,705.8226877874297
1764117596,100,,Aggregated,42.800000,1.800000,1200,1500,1600,1700,2100,2700,3400,4000,6100,8000,8000,7874,458,1200.0,1295.5471095564546,2.311333082616329,8024.562916951254,702.9400558801118
1764117597,100,,Aggregated,40.700000,1.700000,1200,1400,1600,1700,2100,2700,3400,4000,6100,8000,8000,7921,460,1200.0,1295.4713660132545,2.311333082616329,8024.562916951254,706.9043050119934
1764117598,100,,Aggregated,43.100000,2.400000,1200,1400,1600,1700,2100,2700,3400,4000,6100,8000,8000,7985,465,1200.0,1293.968951020872,2.311333082616329,8024.562916951254,704.1623043206012
1764117599,100,,Aggregated,43.900000,2.400000,1200,1400,1600,1700,2100,2700,3400,4000,6100,8000,8000,8039,466,1200.0,1291.5815508232688,2.311333082616329,8024.562916951254,703.0570966538127
1764117600,100,,Aggregated,46.000000,2.600000,1200,1400,1600,1700,2100,2700,3400,4000,6100,8000,8000,8091,470,1200.0,1290.4663517111435,2.311333082616329,8024.562916951254,702.2038066988011
1764117601,100,,Aggregated,47.000000,2.700000,1200,1400,1600,1700,2100,2700,3400,4000,6100,8000,8000,8124,471,1200.0,1289.3996600690054,2.311333082616329,8024.562916951254,703.5217872968981
1764117602,100,,Aggregated,48.300000,2.800000,1200,1400,1600,1700,2100,2700,3400,4000,6100,8000,8000,8184,472,1200.0,1290.3042085294235,2.311333082616329,8024.562916951254,700.0432551319648
1764117603,100,,Aggregated,46.000000,2.600000,1200,1400,1600,1700,2100,2700,3400,4000,6100,8000,8000,8220,473,1200.0,1289.5224491206911,2.311333082616329,8024.562916951254,699.0919708029197
1764117604,100,,Aggregated,45.400000,2.500000,1200,1400,1600,1700,2100,2700,3400,4000,6100,8000,8000,8265,473,1200.0,1289.3650482278388,2.311333082616329,8024.562916951254,700.8360556563823
1764117605,100,,Aggregated,46.900000,2.600000,1200,1400,1600,1700,2100,2700,3300,4000,6100,8000,8000,8323,477,1200.0,1289.9589113726256,2.311333082616329,8024.562916951254,699.5728703592455
1764117606,100,,Aggregated,47.900000,2.500000,1200,1400,1600,1700,2100,2700,3300,4000,6100,8000,8000,8369,478,1200.0,1288.5165950748692,2.311333082616329,8024.562916951254,700.2251165013741
1764117607,100,,Aggregated,49.700000,2.600000,1200,1400,1600,1700,2100,2700,3300,4000,6100,8000,8000,8407,479,1200.0,1287.832935630957,2.311333082616329,8024.562916951254,701.2232663256809
1764117608,100,,Aggregated,48.200000,1.900000,1200,1400,1600,1700,2100,2700,3300,4000,6100,8000,8000,8437,480,1200.0,1287.489957500681,2.311333082616329,8024.562916951254,702.6219035202087
1764117609,100,,Aggregated,48.400000,2.000000,1200,1400,1600,1700,2100,2700,3300,4000,6100,8000,8000,8530,489,1200.0,1285.4397780010383,2.311333082616329,8024.562916951254,701.6169988276671
1764117610,100,,Aggregated,46.100000,1.600000,1200,1400,1600,1700,2100,2700,3300,4000,6100,8000,8000,8581,492,1200.0,1282.4385183707823,2.311333082616329,8024.562916951254,699.831022025405
1764117611,100,,Aggregated,50.100000,2.200000,1200,1400,1600,1700,2100,2700,3300,4000,6100,8000,8000,8607,492,1200.0,1282.2453694540084,2.311333082616329,8024.562916951254,702.5367723945626
1764117612,100,,Aggregated,49.400000,2.400000,1200,1400,1600,1700,2100,2700,3300,4000,6100,8000,8000,8694,500,1200.0,1280.605305974375,2.311333082616329,8024.562916951254,704.9852772026685
1764117613,100,,Aggregated,48.000000,2.200000,1200,1400,1600,1700,2100,2700,3300,3900,6100,8000,8000,8715,502,1200.0,1280.3864509293237,2.311333082616329,8024.562916951254,705.9144004589788
1764117614,100,,Aggregated,47.000000,2.000000,1200,1400,1600,1700,2100,2700,3300,3900,6100,8000,8000,8768,505,1200.0,1279.7010230546614,2.311333082616329,8024.562916951254,703.9972627737226
1764117615,100,,Aggregated,49.700000,2.800000,1200,1400,1600,1700,2100,2700,3300,3900,6100,8000,8000,8804,506,1200.0,1279.5863439369311,2.311333082616329,8024.562916951254,703.0736029077692
1764117616,100,,Aggregated,49.200000,3.000000,1200,1400,1600,1700,2100,2600,3300,3900,6100,8000,8000,8843,506,1200.0,1280.651702191465,2.311333082616329,8024.562916951254,701.9392740020355
1764117617,100,,Aggregated,48.700000,2.900000,1200,1400,1600,1700,2100,2600,3300,3900,6100,8000,8000,8887,509,1200.0,1281.5132914673377,2.311333082616329,8024.562916951254,700.5753347586362
1764117618,100,,Aggregated,47.700000,2.900000,1200,1400,1600,1700,2100,2600,3300,3900,6100,8000,8000,8934,511,1200.0,1282.7737575063124,2.311333082616329,8024.562916951254,700.1383478844863
1764117619,100,,Aggregated,47.800000,2.900000,1200,1400,1600,1700,2100,2600,3300,3900,6100,8000,8000,8956,511,1200.0,1283.0132898728623,2.311333082616329,8024.562916951254,701.9908441268424
1764117620,100,,Aggregated,48.100000,3.000000,1200,1400,1600,1700,2100,2600,3300,3900,6000,8000,8000,9052,523,1200.0,1283.147379687901,2.311333082616329,8024.562916951254,704.7897702165268
1764117621,100,,Aggregated,42.700000,2.300000,1200,1400,1600,1700,2100,2600,3300,3900,6000,8000,8000,9074,524,1200.0,1281.3426521307676,2.311333082616329,8024.562916951254,703.6869076482257
1764117622,100,,Aggregated,41.900000,2.000000,1200,1400,1600,1700,2100,2600,3300,3900,6000,8000,8000,9108,524,1200.0,1280.9077625414538,2.311333082616329,8024.562916951254,705.8255379885815
1764117623,100,,Aggregated,47.100000,3.100000,1200,1400,1600,1700,2100,2600,3300,3900,6000,8000,8000,9173,526,1200.0,1279.870167563796,2.311333082616329,8024.562916951254,708.2579308841164
1764117624,100,,Aggregated,46.400000,3.200000,1200,1400,1600,1700,2100,2600,3300,3900,6000,8000,8000,9220,531,1200.0,1278.8206847091874,2.311333082616329,8024.562916951254,706.7996746203904
1764117625,100,,Aggregated,44.000000,2.300000,1200,1400,1600,1700,2100,2600,3300,3900,6000,8000,8000,9261,533,1200.0,1278.183458600676,2.311333082616329,8024.562916951254,707.610625202462
1764117626,100,,Aggregated,46.400000,2.500000,1200,1400,1600,1700,2100,2600,3300,3900,6000,8000,8000,9333,540,1200.0,1278.486751372093,2.311333082616329,8024.562916951254,705.7742419372121
1764117627,100,,Aggregated,46.800000,2.800000,1200,1400,1600,1700,2100,2600,3300,3900,6000,8000,8000,9362,542,1200.0,1276.9522170895054,2.311333082616329,8024.562916951254,707.1013672292245
1764117628,100,,Aggregated,46.700000,3.000000,1200,1400,1600,1700,2100,2600,3300,3900,6000,8000,8000,9414,544,1200.0,1276.5751529655704,2.311333082616329,8024.562916951254,707.3955810495007
1764117629,100,,Aggregated,49.000000,3.400000,1200,1400,1600,1700,2100,2600,3300,3900,6000,8000,8000,9459,546,1200.0,1275.5635495978238,2.311333082616329,8024.562916951254,707.0173379849879
1764117630,100,,Aggregated,48.400000,3.200000,1200,1400,1600,1700,2100,2600,3300,3900,6000,8000,8000,9537,553,1200.0,1274.840555810371,2.311333082616329,8024.562916951254,707.7744573765335
1764117631,100,,Aggregated,49.800000,3.500000,1200,1400,1600,1700,2100,2600,3300,3900,6000,8000,8000,9576,557,1200.0,1273.7634917516891,2.311333082616329,8024.562916951254,706.7746449456976
1764117632,100,,Aggregated,50.700000,3.600000,1200,1400,1600,1700,2100,2600,3300,3900,6000,8000,8000,9636,559,1200.0,1271.8872106528947,2.311333082616329,8024.562916951254,709.3110211706102
1764117633,100,,Aggregated,48.900000,3.200000,1200,1400,1600,1700,2100,2600,3300,3900,6000,8000,8000,9689,564,1200.0,1270.1134625067361,2.311333082616329,8024.562916951254,707.5513468882237
1764117634,100,,Aggregated,49.000000,3.400000,1200,1400,1600,1700,2100,2600,3300,3900,6000,8000,8000,9737,565,1200.0,1268.0801531727152,2.311333082616329,8024.562916951254,707.8495429803841
1764117635,100,,Aggregated,53.700000,3.900000,1200,1400,1600,1700,2100,2600,3300,3900,6000,8000,8000,9800,575,1200.0,1265.4356962361708,2.311333082616329,8024.562916951254,709.2411224489796
1764117636,100,,Aggregated,50.500000,3.600000,1200,1400,1600,1700,2100,2600,3300,3900,6000,8000,8000,9857,582,1200.0,1264.7723437183681,2.311333082616329,8024.562916951254,708.2433803388454
1764117637,100,,Aggregated,52.000000,3.700000,1200,1400,1600,1700,2100,2600,3300,3900,6000,8000,8000,9888,584,1200.0,1263.9007642295317,2.311333082616329,8024.562916951254,708.5350930420713
1764117638,100,,Aggregated,52.500000,4.200000,1200,1400,1600,1700,2100,2600,3300,3900,6000,8000,8000,9952,585,1200.0,1263.7644294356703,2.311333082616329,8024.562916951254,710.7626607717042
1764117639,100,,Aggregated,51.900000,4.100000,1200,1400,1600,1700,2100,2600,3300,3900,5900,7700,8000,10014,594,1200.0,1261.68976841129,2.311333082616329,8024.562916951254,707.7198921509886
1764117640,100,,Aggregated,50.900000,4.200000,1200,1400,1600,1700,2100,2600,3300,3900,5900,7700,8000,10057,596,1200.0,1260.0928256142877,2.311333082616329,8024.562916951254,707.4486427364025
1764117641,100,,Aggregated,53.500000,3.900000,1200,1400,1600,1700,2100,2600,3300,3900,5900,7700,8000,10098,597,1200.0,1259.643333154904,2.311333082616329,8024.562916951254,708.1648841354723
1764117642,100,,Aggregated,55.700000,4.700000,1200,1400,1600,1700,2100,2600,3300,3900,5900,7700,8000,10149,601,1200.0,1259.979409526108,2.311333082616329,8024.562916951254,709.2810129076756
1764117643,100,,Aggregated,51.600000,4.100000,1200,1400,1600,1700,2100,2600,3300,3900,5900,7700,8000,10188,606,1200.0,1259.6402375294117,2.311333082616329,8024.562916951254,708.3031016882607
1764117644,100,,Aggregated,53.500000,4.000000,1200,1400,1600,1700,2100,2600,3300,3900,5900,7700,8000,10243,614,1200.0,1259.9780388547676,2.311333082616329,8024.562916951254,706.5323635653617
1764117645,100,,Aggregated,49.500000,4.000000,1200,1400,1600,1700,2100,2600,3300,3900,5900,7700,8000,10298,618,1200.0,1260.0520097742778,2.311333082616329,8024.562916951254,709.2040201980967
1764117646,100,,Aggregated,51.300000,4.800000,1200,1400,1600,1700,2100,2600,3300,3900,5900,7700,8000,10351,623,1200.0,1259.3937456958706,2.311333082616329,8024.562916951254,708.4284610182591
1764117647,100,,Aggregated,49.300000,4.600000,1200,1400,1600,1700,2100,2600,3300,3900,5900,7700,8000,10400,625,1200.0,1258.372089426229,2.311333082616329,8024.562916951254,706.1288461538461
1764117648,100,,Aggregated,50.400000,4.300000,1200,1400,1600,1700,2100,2600,3300,3900,5900,7700,8000,10428,625,1200.0,1258.2727415164127,2.311333082616329,8024.562916951254,707.4382431914078
1764117649,100,,Aggregated,49.300000,4.000000,1200,1400,1600,1700,2100,2600,3300,3900,5900,7700,8000,10452,628,1200.0,1259.1053544966967,2.311333082616329,8024.562916951254,706.2728664370455
1764117650,100,,Aggregated,51.600000,4.100000,1200,1400,1600,1700,2100,2600,3300,3900,5900,7700,8000,10489,630,1200.0,1261.7591966057705,2.311333082616329,8024.562916951254,707.9835065306512
1764117651,100,,Aggregated,46.700000,4.100000,1200,1400,1600,1700,2100,2600,3300,3900,5900,7700,8000,10580,641,1200.0,1261.9831645195416,2.311333082616329,8024.562916951254,706.4444234404536
1764117652,100,,Aggregated,42.500000,3.400000,1200,1400,1600,1700,2100,2600,3300,3900,5900,7700,8000,10623,645,1200.0,1260.2059719430777,2.311333082616329,8024.562916951254,704.5053186482162
1764117653,100,,Aggregated,48.600000,4.200000,1200,1400,1600,1700,2100,2600,3300,3900,5900,7700,8000,10650,645,1200.0,1260.1354245532557,2.311333082616329,8024.562916951254,704.9757746478873
1764117654,100,,Aggregated,47.800000,4.500000,1200,1400,1600,1700,2100,2600,3300,3900,5900,7700,8000,10668,645,1200.0,1261.2764196969094,2.311333082616329,8024.562916951254,704.1460442444694
1764117655,100,,Aggregated,46.300000,4.200000,1200,1400,1600,1700,2100,2600,3300,3900,5900,7700,8000,10690,646,1200.0,1264.4598004361756,2.311333082616329,8024.562916951254,703.9456501403181
1764117656,100,,Aggregated,43.700000,3.300000,1200,1400,1600,1700,2100,2700,3300,3900,5900,7700,8000,10712,646,1200.0,1268.646588203105,2.311333082616329,8024.562916951254,705.4261575802838
1764117657,100,,Aggregated,41.200000,2.900000,1200,1400,1600,1700,2100,2700,3300,3900,5900,7700,8000,10718,646,1200.0,1269.618838888485,2.311333082616329,8024.562916951254,707.6734465385333
1764117658,100,,Aggregated,36.900000,2.500000,1200,1400,1600,1700,2100,2700,3400,4000,6000,7700,8000,10749,646,1200.0,1276.0568711426338,2.311333082616329,8024.562916951254,708.7590473532422
1764117659,100,,Aggregated,34.600000,2.300000,1200,1400,1600,1700,2100,2700,3400,4100,6000,7700,8000,10785,648,1200.0,1282.9428912762044,2.311333082616329,8024.562916951254,707.981548446917
1764117660,100,,Aggregated,30.600000,2.100000,1200,1400,1600,1700,2200,2800,3500,4200,6400,7700,8000,10864,658,1200.0,1287.9830343139538,2.311333082616329,8024.562916951254,706.1930228276877
1764117661,100,,Aggregated,32.000000,2.100000,1200,1400,1600,1700,2200,2800,3500,4200,6400,7700,8000,10904,660,1200.0,1286.166767481977,2.311333082616329,8024.562916951254,705.289618488628
1764117662,100,,Aggregated,33.500000,2.200000,1200,1400,1600,1700,2100,2800,3500,4200,6400,7700,8000,10946,661,1200.0,1285.9467077661025,2.311333082616329,8024.562916951254,705.0902612826603
1764117663,100,,Aggregated,32.400000,2.000000,1200,1400,1600,1700,2100,2800,3500,4200,6400,7700,8000,10968,663,1200.0,1286.9425727644843,2.311333082616329,8024.562916951254,705.7705142231947
1764117664,100,,Aggregated,31.200000,1.700000,1200,1400,1600,1700,2200,2800,3500,4200,6400,7700,8000,10978,663,1200.0,1287.9038404535002,2.311333082616329,8024.562916951254,707.804244853343
1764117665,100,,Aggregated,32.000000,1.600000,1200,1400,1600,1700,2200,2800,3500,4200,6300,7700,8000,11037,664,1200.0,1294.6739567854868,2.311333082616329,8024.562916951254,710.0644196792607
1764117666,100,,Aggregated,31.400000,1.800000,1200,1400,1600,1700,2200,2800,3500,4200,6300,7700,8000,11052,664,1200.0,1294.9424803993475,2.311333082616329,8024.562916951254,712.6279406442272
1764117667,100,,Aggregated,31.300000,1.800000,1200,1400,1600,1700,2200,2800,3500,4200,6300,7700,8000,11102,668,1200.0,1296.7173595297575,2.311333082616329,8024.562916951254,713.6745631417763
1764117668,100,,Aggregated,34.800000,1.800000,1200,1400,1600,1700,2200,2800,3500,4200,6400,7700,8000,11159,671,1200.0,1296.48526059335,2.311333082616329,8024.562916951254,714.3718971233982
1764117669,100,,Aggregated,34.900000,1.800000,1200,1400,1600,1700,2200,2800,3500,4200,6400,7700,8000,11222,674,1200.0,1296.6995968260442,2.311333082616329,8024.562916951254,713.3230261985386
1764117670,100,,Aggregated,39.100000,2.200000,1200,1400,1600,1700,2200,2800,3500,4200,6400,7700,8000,11281,677,1200.0,1294.3282723605207,2.311333082616329,8024.562916951254,712.2908430103714
1764117671,100,,Aggregated,39.900000,2.400000,1200,1400,1600,1700,2200,2800,3500,4200,6400,7700,8000,11331,683,1200.0,1292.807041971829,2.311333082616329,8024.562916951254,714.0901067866914
1764117672,100,,Aggregated,43.500000,2.500000,1200,1400,1600,1700,2200,2800,3500,4200,6400,7700,8000,11380,689,1200.0,1291.6899901545778,2.311333082616329,8024.562916951254,713.4578207381371
1764117673,100,,Aggregated,41.600000,2.100000,1200,1400,1600,1700,2200,2800,3500,4200,6400,7700,8000,11424,690,1200.0,1290.7593911427336,2.311333082616329,8024.562916951254,713.9763655462185
1764117674,100,,Aggregated,43.000000,2.300000,1200,1400,1600,1700,2200,2800,3500,4200,6400,7700,8000,11456,690,1200.0,1290.8410155119009,2.311333082616329,8024.562916951254,713.3509951117319
1764117675,100,,Aggregated,43.100000,2.800000,1200,1400,1600,1700,2200,2800,3500,4200,6400,7700,8000,11517,693,1200.0,1291.1817265631357,2.311333082616329,8024.562916951254,712.2776764782495
1764117676,100,,Aggregated,45.900000,2.700000,1200,1400,1600,1700,2200,2800,3500,4200,6400,7700,8000,11553,695,1200.0,1290.8533903924829,2.311333082616329,8024.562916951254,712.2856400934822
1764117677,100,,Aggregated,47.700000,2.700000,1200,1400,1600,1700,2200,2800,3500,4200,6400,7700,8000,11598,697,1200.0,1290.8423756602274,2.311333082616329,8024.562916951254,711.9112778065183
1764117678,100,,Aggregated,48.200000,3.000000,1200,1400,1600,1700,2200,2800,3500,4200,6400,7700,8000,11644,702,1200.0,1291.2983934995493,2.311333082616329,8024.562916951254,713.1242700103057
1764117679,100,,Aggregated,49.300000,3.100000,1200,1400,1600,1700,2200,2800,3500,4200,6400,7700,8000,11675,704,1200.0,1291.2662167157403,2.311333082616329,8024.562916951254,714.1064668094218
1764117680,100,,Aggregated,48.800000,2.900000,1200,1400,1600,1700,2200,2800,3500,4200,6400,7700,8000,11739,707,1200.0,1291.5332739828607,2.311333082616329,8024.562916951254,712.1978021978022
1764117681,100,,Aggregated,48.800000,3.200000,1200,1400,1600,1700,2200,2800,3500,4200,6600,7700,8000,11807,719,1200.0,1290.7045224334372,2.311333082616329,8024.562916951254,710.9247056830694
1764117682,100,,Aggregated,44.900000,2.900000,1200,1400,1600,1700,2200,2800,3500,4200,6600,7700,8000,11868,721,1200.0,1288.127493950185,2.311333082616329,8024.562916951254,712.1746713852376
1764117683,100,,Aggregated,45.300000,3.000000,1200,1400,1600,1700,2200,2800,3500,4200,6600,7700,8000,11926,722,1200.0,1285.6667455444938,2.311333082616329,8024.562916951254,712.0733691095087
1764117684,100,,Aggregated,47.000000,3.600000,1200,1400,1600,1700,2200,2800,3500,4200,6600,7700,8000,11983,725,1200.0,1284.2917263127833,2.311333082616329,8024.562916951254,710.5374280230326
1764117685,100,,Aggregated,48.800000,3.200000,1200,1400,1600,1700,2200,2800,3500,4200,6600,7700,8000,12033,727,1200.0,1282.9560864248037,2.311333082616329,8024.562916951254,709.2228870605834
1764117686,100,,Aggregated,50.300000,3.200000,1200,1400,1600,1700,2200,2800,3500,4200,6600,7700,8000,12078,730,1200.0,1282.4218337086268,2.311333082616329,8024.562916951254,708.1829773141249
1764117687,100,,Aggregated,52.300000,3.500000,1200,1400,1600,1700,2200,2800,3500,4200,6600,7700,8000,12135,735,1200.0,1282.26229510282,2.311333082616329,8024.562916951254,706.6363411619283
1764117688,100,,Aggregated,51.400000,3.300000,1200,1400,1600,1700,2200,2800,3500,4200,6600,7700,8000,12178,735,1200.0,1281.8049647747723,2.311333082616329,8024.562916951254,707.196912465101
1764117689,100,,Aggregated,52.600000,3.500000,1200,1400,1600,1700,2100,2800,3500,4200,6600,7700,8000,12228,736,1200.0,1281.6528105260252,2.311333082616329,8024.562916951254,706.6525188092902
1764117690,100,,Aggregated,53.800000,3.800000,1200,1400,1600,1700,2100,2800,3500,4200,6600,7700,8000,12235,736,1200.0,1281.4943414135098,2.311333082616329,8024.562916951254,708.5789946873723
1764117691,100,,Aggregated,53.200000,3.200000,1200,1400,1600,1700,2200,2800,3500,4200,6600,7700,8000,12329,746,1200.0,1283.0497255275889,2.311333082616329,8024.562916951254,709.2285667937383
1764117692,100,,Aggregated,54.900000,3.200000,1200,1400,1600,1700,2200,2800,3500,4200,6600,7700,8000,12355,746,1200.0,1281.4458054317818,2.311333082616329,8024.562916951254,709.7199514366653
1764117693,100,,Aggregated,49.500000,2.700000,1200,1400,1600,1700,2100,2800,3500,4200,6600,7700,8000,12405,749,1200.0,1280.8393874064934,2.311333082616329,8024.562916951254,709.915517936316
1764117694,100,,Aggregated,52.500000,2.700000,1200,1400,1600,1700,2100,2800,3500,4200,6600,7700,8000,12465,754,1200.0,1280.1393757576734,2.311333082616329,8024.562916951254,710.4419574809466
1764117695,100,,Aggregated,48.500000,2.500000,1200,1400,1600,1700,2100,2800,3500,4200,6600,7700,8000,12527,756,1200.0,1278.6410588683436,2.311333082616329,8024.562916951254,708.739203320827
1764117696,100,,Aggregated,47.400000,2.700000,1200,1400,1600,1700,2100,2800,3500,4200,6600,7700,8000,12574,763,1200.0,1277.1231679448294,2.311333082616329,8024.562916951254,706.9277079688245
1764117697,100,,Aggregated,48.400000,2.900000,1200,1400,1600,1700,2100,2800,3500,4200,6600,7700,8000,12625,765,1200.0,1276.2040881970017,2.311333082616329,8024.562916951254,705.6635247524753
1764117698,100,,Aggregated,49.500000,2.900000,1200,1400,1600,1700,2100,2800,3500,4200,6600,7700,8000,12666,766,1200.0,1276.7835059042225,2.311333082616329,8024.562916951254,705.54823938102
1764117699,100,,Aggregated,49.300000,3.300000,1200,1400,1600,1700,2100,2800,3500,4200,6600,7700,8000,12732,771,1200.0,1275.5205764343405,2.311333082616329,8024.562916951254,703.7806314797361
1764117700,100,,Aggregated,48.600000,3.000000,1200,1400,1600,1700,2100,2800,3500,4200,6600,7700,8000,12775,775,1200.0,1274.1189278602017,2.311333082616329,8024.562916951254,704.2586301369863
1764117702,100,,Aggregated,48.700000,3.100000,1200,1400,1600,1700,2100,2800,3500,4200,6600,7700,8000,12820,778,1200.0,1273.5930057069745,2.311333082616329,8024.562916951254,705.318096723869
1764117703,100,,Aggregated,50.400000,3.500000,1200,1400,1600,1700,2100,2700,3500,4200,6600,7700,8000,12912,787,1200.0,1271.1192675091806,2.311333082616329,8024.562916951254,704.6293370508055
1764117704,100,,Aggregated,53.800000,3.900000,1200,1400,1600,1700,2100,2700,3500,4200,6600,7700,8000,12973,790,1200.0,1268.1148564962073,2.311333082616329,8024.562916951254,703.7614275803592
1764117705,100,,Aggregated,48.800000,3.200000,1200,1400,1600,1700,2100,2700,3500,4100,6400,7700,8000,13005,790,1200.0,1266.892251649411,2.311333082616329,8024.562916951254,703.2699730872741
1764117706,100,,Aggregated,55.700000,4.100000,1200,1400,1600,1700,2100,2700,3500,4100,6400,7700,8000,13061,794,1200.0,1266.0108019129786,2.311333082616329,8024.562916951254,702.505244621392
1764117707,100,,Aggregated,56.700000,4.100000,1200,1400,1600,1700,2100,2700,3500,4100,6400,7700,8000,13138,801,1200.0,1265.3207048027678,2.311333082616329,8024.562916951254,702.4024204597351
1764117708,100,,Aggregated,53.200000,3.800000,1200,1400,1600,1700,2100,2700,3500,4100,6400,7700,8000,13185,802,1200.0,1263.358603311342,2.311333082616329,8024.562916951254,702.10860826697
1764117709,100,,Aggregated,53.200000,3.800000,1100,1400,1600,1700,2100,2700,3500,4100,6400,7700,8000,13244,803,1100.0,1261.3274777159138,2.311333082616329,8024.562916951254,700.6794019933554
1764117710,100,,Aggregated,55.900000,3.700000,1100,1400,1600,1700,2100,2700,3500,4100,6400,7700,8000,13295,805,1100.0,1260.4527688696032,2.311333082616329,8024.562916951254,700.2680707032719
1764117711,100,,Aggregated,57.800000,3.700000,1100,1400,1600,1700,2100,2700,3400,4100,6400,7700,8000,13345,805,1100.0,1259.8621090385955,2.311333082616329,8024.562916951254,698.5246908954665
1764117712,100,,Aggregated,57.800000,3.700000,1100,1400,1600,1700,2100,2700,3400,4100,6400,7700,8000,13393,807,1100.0,1259.2022962643252,2.311333082616329,8024.562916951254,698.8193832599119
1764117713,100,,Aggregated,56.900000,3.000000,1100,1400,1600,1700,2100,2700,3400,4100,6400,7700,8000,13447,807,1100.0,1258.8791855861116,2.311333082616329,8024.562916951254,698.288912024987
1764117714,100,,Aggregated,56.900000,3.000000,1100,1400,1600,1700,2100,2700,3400,4100,6400,7700,8000,13487,809,1100.0,1258.5201191790702,2.311333082616329,8024.562916951254,698.191369466894
1764117715,100,,Aggregated,53.200000,2.000000,1100,1400,1600,1700,2100,2700,3400,4100,6400,7700,8000,13569,814,1100.0,1256.9967965027386,2.311333082616329,8024.562916951254,699.2644999631513
